seed_id,label
2,broken
11,pure
13,discolored
19,broken
27,broken
30,pure
32,discolored
41,pure
42,broken
43,pure
44,pure
45,discolored
53,broken
57,silkcut
74,pure
75,pure
79,pure
87,broken
90,pure
92,broken
93,pure
101,broken
107,pure
115,pure
118,pure
137,pure
140,broken
144,pure
151,broken
153,pure
159,pure
165,silkcut
172,broken
191,discolored
195,broken
199,silkcut
200,pure
205,discolored
207,broken
212,broken
219,pure
223,broken
231,pure
233,pure
248,broken
249,discolored
257,discolored
263,pure
269,broken
272,broken
283,pure
291,discolored
300,pure
301,pure
320,pure
324,pure
336,pure
337,broken
364,pure
365,broken
371,pure
382,silkcut
384,silkcut
385,pure
387,pure
407,pure
408,broken
411,broken
412,pure
414,pure
421,pure
424,broken
432,pure
434,pure
440,broken
441,pure
443,pure
448,pure
475,pure
482,pure
484,pure
490,pure
504,pure
506,broken
511,silkcut
517,broken
527,broken
528,discolored
536,discolored
537,silkcut
541,discolored
548,silkcut
554,pure
574,discolored
582,broken
595,broken
598,pure
602,pure
607,broken
617,pure
620,discolored
623,broken
624,pure
627,broken
630,pure
650,broken
653,silkcut
659,pure
668,broken
675,pure
679,discolored
682,pure
685,silkcut
687,broken
699,broken
706,broken
717,broken
726,silkcut
730,discolored
736,broken
745,pure
746,broken
754,broken
764,pure
766,pure
771,broken
779,discolored
795,broken
813,pure
815,discolored
819,silkcut
834,pure
843,broken
854,discolored
858,silkcut
865,broken
872,silkcut
885,pure
889,broken
890,discolored
891,broken
894,pure
900,pure
901,pure
906,pure
908,broken
909,pure
910,pure
913,broken
917,pure
923,silkcut
927,discolored
932,pure
934,pure
941,pure
951,pure
957,pure
963,silkcut
964,broken
965,discolored
968,broken
972,pure
973,pure
974,broken
980,broken
986,pure
989,discolored
993,broken
998,broken
1017,broken
1018,pure
1028,broken
1037,discolored
1041,broken
1043,pure
1048,broken
1049,pure
1056,broken
1057,pure
1060,pure
1063,pure
1067,broken
1071,broken
1072,silkcut
1073,broken
1077,broken
1081,pure
1088,broken
1089,silkcut
1092,pure
1116,pure
1120,pure
1124,pure
1125,pure
1137,silkcut
1139,pure
1143,broken
1150,pure
1156,discolored
1161,pure
1162,broken
1163,pure
1167,broken
1172,pure
1179,pure
1186,broken
1196,discolored
1203,broken
1204,broken
1222,broken
1223,broken
1226,pure
1252,pure
1258,broken
1263,pure
1264,discolored
1267,pure
1270,broken
1274,pure
1282,discolored
1292,broken
1298,discolored
1299,pure
1306,silkcut
1314,pure
1319,discolored
1323,broken
1325,pure
1328,silkcut
1336,discolored
1339,pure
1341,broken
1357,pure
1364,pure
1376,discolored
1379,broken
1380,broken
1381,broken
1386,pure
1390,pure
1393,pure
1399,pure
1401,pure
1405,pure
1412,pure
1414,pure
1421,silkcut
1422,pure
1425,silkcut
1434,pure
1439,broken
1451,discolored
1459,broken
1460,discolored
1461,silkcut
1465,broken
1472,broken
1484,broken
1502,pure
1505,pure
1515,broken
1517,discolored
1518,silkcut
1526,silkcut
1533,broken
1550,pure
1559,pure
1574,pure
1578,pure
1593,broken
1595,pure
1598,broken
1599,pure
1603,broken
1604,pure
1616,broken
1618,discolored
1620,silkcut
1645,silkcut
1648,broken
1670,pure
1673,pure
1681,broken
1686,pure
1691,broken
1694,pure
1712,broken
1717,broken
1722,silkcut
1723,pure
1725,silkcut
1726,broken
1727,broken
1738,pure
1740,discolored
1742,broken
1744,discolored
1757,pure
1759,pure
1761,discolored
1776,pure
1777,broken
1781,broken
1784,broken
1786,discolored
1788,pure
1790,silkcut
1791,pure
1794,pure
1796,silkcut
1808,silkcut
1810,discolored
1812,pure
1816,broken
1824,pure
1825,pure
1826,broken
1828,broken
1830,discolored
1831,broken
1843,pure
1844,pure
1848,broken
1850,pure
1851,silkcut
1855,discolored
1865,pure
1866,broken
1870,pure
1874,pure
1890,broken
1893,pure
1896,pure
1908,pure
1909,pure
1911,discolored
1913,broken
1915,pure
1916,broken
1919,silkcut
1928,pure
1937,broken
1941,silkcut
1942,discolored
1944,broken
1947,discolored
1951,pure
1952,discolored
1960,broken
1964,broken
1966,pure
1969,pure
1991,silkcut
2002,broken
2003,broken
2005,broken
2006,discolored
2007,pure
2009,silkcut
2011,silkcut
2014,pure
2015,broken
2021,pure
2022,broken
2030,broken
2056,broken
2058,pure
2061,broken
2062,broken
2084,pure
2088,broken
2089,discolored
2090,discolored
2094,broken
2095,broken
2100,pure
2106,pure
2109,discolored
2110,broken
2114,discolored
2117,broken
2126,pure
2127,silkcut
2138,pure
2139,pure
2140,broken
2156,pure
2161,pure
2165,discolored
2169,pure
2172,silkcut
2178,pure
2186,discolored
2199,discolored
2208,pure
2221,pure
2224,pure
2232,discolored
2233,pure
2246,pure
2249,pure
2250,pure
2260,broken
2278,discolored
2282,pure
2283,pure
2291,pure
2295,broken
2304,broken
2308,broken
2309,broken
2311,silkcut
2315,broken
2325,broken
2327,pure
2328,broken
2332,pure
2340,broken
2345,discolored
2348,silkcut
2360,silkcut
2361,broken
2367,pure
2370,discolored
2372,pure
2374,broken
2376,broken
2377,broken
2378,broken
2381,discolored
2385,broken
2389,pure
2390,pure
2392,discolored
2393,broken
2395,broken
2398,broken
2404,pure
2415,broken
2418,broken
2428,pure
2431,silkcut
2434,discolored
2435,discolored
2439,pure
2444,pure
2447,broken
2454,pure
2459,discolored
2474,pure
2480,silkcut
2484,broken
2487,broken
2491,pure
2499,pure
2528,broken
2529,pure
2531,pure
2535,pure
2540,silkcut
2547,broken
2548,pure
2557,discolored
2562,broken
2566,discolored
2567,pure
2577,pure
2578,pure
2583,pure
2586,pure
2587,discolored
2589,silkcut
2597,pure
2599,discolored
2622,broken
2624,pure
2635,broken
2639,silkcut
2640,pure
2645,broken
2647,pure
2648,broken
2650,discolored
2651,pure
2654,broken
2664,broken
2666,silkcut
2668,broken
2670,pure
2675,pure
2694,broken
2699,pure
2717,broken
2719,broken
2734,broken
2742,pure
2747,pure
2756,discolored
2759,pure
2762,broken
2769,pure
2773,pure
2784,pure
2801,discolored
2805,pure
2806,pure
2812,broken
2821,pure
2827,broken
2828,silkcut
2831,silkcut
2832,pure
2835,pure
2838,pure
2841,pure
2844,pure
2845,broken
2851,pure
2861,pure
2867,pure
2872,silkcut
2887,broken
2890,pure
2901,broken
2909,broken
2916,pure
2921,broken
2923,broken
2925,pure
2933,broken
2934,pure
2940,broken
2943,broken
2944,pure
2946,pure
2947,broken
2948,broken
2954,pure
2958,pure
2962,pure
2969,pure
2974,pure
2979,pure
2982,silkcut
2989,discolored
2990,pure
2997,pure
3004,broken
3005,pure
3008,pure
3010,broken
3011,discolored
3015,broken
3017,pure
3022,discolored
3030,broken
3031,discolored
3034,silkcut
3035,broken
3036,broken
3048,broken
3061,pure
3065,broken
3068,pure
3082,discolored
3083,pure
3085,discolored
3088,discolored
3100,pure
3101,pure
3108,discolored
3112,pure
3117,broken
3120,pure
3123,pure
3124,broken
3125,silkcut
3129,discolored
3141,pure
3163,discolored
3166,discolored
3169,pure
3173,broken
3175,discolored
3184,broken
3185,broken
3186,pure
3192,discolored
3197,broken
3221,broken
3224,broken
3229,pure
3234,pure
3239,broken
3241,broken
3246,discolored
3249,pure
3253,pure
3254,pure
3258,broken
3268,broken
3270,pure
3272,pure
3279,broken
3286,silkcut
3289,broken
3303,pure
3317,pure
3318,discolored
3320,pure
3326,pure
3330,broken
3340,pure
3345,pure
3350,pure
3357,pure
3372,pure
3373,pure
3375,pure
3380,broken
3384,discolored
3393,pure
3398,pure
3399,silkcut
3400,pure
3409,pure
3415,pure
3416,silkcut
3422,discolored
3428,pure
3438,broken
3440,broken
3441,pure
3448,silkcut
3461,pure
3471,pure
3476,pure
3478,broken
3481,pure
3488,broken
3500,broken
3509,silkcut
3510,pure
3512,pure
3528,broken
3533,pure
3535,pure
3542,pure
3547,discolored
3552,discolored
3554,broken
3557,broken
3558,pure
3560,broken
3561,broken
3566,pure
3568,pure
3569,pure
3584,broken
3592,broken
3595,silkcut
3600,silkcut
3602,pure
3603,pure
3607,pure
3609,broken
3621,discolored
3625,pure
3629,pure
3644,broken
3651,broken
3654,broken
3656,discolored
3659,discolored
3660,pure
3670,broken
3671,broken
3672,discolored
3678,silkcut
3686,broken
3695,silkcut
3703,pure
3704,pure
3727,discolored
3733,pure
3740,pure
3744,pure
3747,discolored
3762,pure
3764,silkcut
3775,broken
3777,pure
3780,discolored
3785,pure
3789,broken
3790,pure
3793,broken
3800,discolored
3802,broken
3803,pure
3808,pure
3810,broken
3832,broken
3844,pure
3845,broken
3853,broken
3856,pure
3862,pure
3878,pure
3880,broken
3886,discolored
3899,pure
3905,pure
3906,broken
3909,broken
3910,broken
3919,broken
3921,pure
3923,discolored
3929,broken
3930,discolored
3934,pure
3939,broken
3941,pure
3943,pure
3944,pure
3945,pure
3948,broken
3951,pure
3955,pure
3971,silkcut
3972,pure
3983,broken
3990,silkcut
3992,broken
3993,discolored
3999,silkcut
4008,pure
4017,silkcut
4020,pure
4024,broken
4028,pure
4038,broken
4043,pure
4052,pure
4058,discolored
4060,silkcut
4068,broken
4069,broken
4070,pure
4074,pure
4084,pure
4088,silkcut
4091,broken
4096,broken
4102,broken
4107,broken
4110,discolored
4113,pure
4116,silkcut
4119,broken
4128,pure
4133,discolored
4137,discolored
4142,broken
4146,pure
4157,pure
4158,broken
4164,broken
4174,broken
4181,pure
4182,discolored
4189,broken
4196,pure
4206,broken
4212,pure
4227,broken
4228,discolored
4230,pure
4232,pure
4238,discolored
4241,broken
4247,broken
4251,discolored
4272,broken
4281,broken
4285,pure
4286,discolored
4289,discolored
4293,pure
4299,pure
4309,pure
4310,pure
4311,pure
4315,pure
4318,broken
4337,discolored
4341,broken
4344,pure
4347,broken
4355,pure
4357,pure
4370,pure
4371,pure
4374,pure
4375,pure
4382,pure
4385,silkcut
4386,broken
4388,pure
4394,silkcut
4396,pure
4400,discolored
4409,broken
4411,discolored
4417,pure
4421,broken
4423,broken
4437,pure
4450,silkcut
4451,pure
4453,pure
4454,discolored
4456,broken
4463,pure
4466,pure
4473,silkcut
4479,pure
4491,pure
4496,broken
4501,broken
4502,broken
4509,silkcut
4515,broken
4516,pure
4519,broken
4522,broken
4525,pure
4529,pure
4537,pure
4542,pure
4548,broken
4552,pure
4553,discolored
4559,silkcut
4574,broken
4582,broken
4584,broken
4597,discolored
4598,broken
4602,pure
4612,discolored
4617,pure
4619,pure
4626,pure
4628,discolored
4634,pure
4637,pure
4649,broken
4653,broken
4654,pure
4667,broken
4671,pure
4673,pure
4681,broken
4685,pure
4690,discolored
4691,broken
4692,pure
4697,pure
4703,pure
4712,silkcut
4715,pure
4730,silkcut
4736,broken
4738,broken
4741,discolored
4743,pure
4744,pure
4748,broken
4749,discolored
4757,pure
4758,discolored
4759,discolored
4773,discolored
4774,silkcut
4778,broken
4793,broken
4797,pure
4799,broken
4801,pure
4805,broken
4819,silkcut
4820,silkcut
4821,discolored
4822,broken
4824,discolored
4827,broken
4831,silkcut
4838,pure
4841,broken
4853,pure
4854,pure
4859,broken
4864,discolored
4866,pure
4874,broken
4877,pure
4878,silkcut
4880,broken
4885,discolored
4889,pure
4890,pure
4894,broken
4896,broken
4902,pure
4904,discolored
4905,broken
4906,pure
4914,discolored
4926,pure
4929,pure
4930,broken
4937,discolored
4948,broken
4958,broken
4961,pure
4963,pure
4964,discolored
4965,pure
4984,silkcut
4991,discolored
4996,pure
5004,discolored
5009,pure
5010,broken
5023,pure
5026,pure
5027,pure
5029,broken
5040,pure
5044,pure
5045,broken
5046,silkcut
5056,pure
5065,discolored
5071,broken
5079,pure
5083,pure
5094,pure
5095,pure
5096,discolored
5099,broken
5104,broken
5105,silkcut
5106,pure
5107,pure
5108,pure
5112,pure
5115,broken
5118,pure
5120,pure
5125,broken
5127,pure
5132,pure
5136,discolored
5138,silkcut
5140,broken
5148,broken
5149,discolored
5152,broken
5154,discolored
5161,pure
5163,pure
5165,broken
5176,pure
5179,broken
5186,broken
5188,discolored
5192,silkcut
5197,pure
5198,pure
5203,broken
5204,broken
5220,broken
5232,discolored
5234,silkcut
5235,broken
5241,broken
5242,broken
5245,silkcut
5246,pure
5253,broken
5267,broken
5269,pure
5279,broken
5300,broken
5305,pure
5306,pure
5309,pure
5314,pure
5315,pure
5316,silkcut
5329,silkcut
5332,pure
5336,pure
5337,pure
5341,pure
5348,broken
5353,pure
5371,silkcut
5372,discolored
5374,pure
5376,pure
5378,broken
5387,discolored
5394,silkcut
5404,discolored
5408,broken
5412,pure
5414,discolored
5417,broken
5419,broken
5422,silkcut
5433,discolored
5444,discolored
5448,pure
5456,broken
5457,broken
5465,broken
5468,pure
5477,discolored
5482,pure
5498,pure
5499,broken
5510,pure
5515,pure
5524,broken
5525,discolored
5529,broken
5538,pure
5546,silkcut
5551,broken
5554,pure
5563,pure
5571,pure
5573,pure
5575,pure
5576,pure
5578,discolored
5579,pure
5592,discolored
5593,pure
5596,pure
5597,pure
5600,broken
5603,broken
5615,discolored
5619,pure
5623,pure
5630,broken
5642,discolored
5645,discolored
5649,broken
5655,silkcut
5656,pure
5658,broken
5660,pure
5664,pure
5673,pure
5681,broken
5684,broken
5685,pure
5687,pure
5688,pure
5691,discolored
5692,broken
5694,pure
5699,pure
5701,discolored
5704,pure
5706,broken
5708,broken
5709,pure
5710,pure
5717,discolored
5718,pure
5724,silkcut
5729,pure
5731,discolored
5742,discolored
5752,silkcut
5759,pure
5762,broken
5766,pure
5773,broken
5779,discolored
5783,silkcut
5785,pure
5786,broken
5794,pure
5796,silkcut
5797,broken
5800,pure
5804,discolored
5814,pure
5815,discolored
5818,discolored
5820,pure
5821,pure
5835,pure
5836,silkcut
5839,pure
5843,pure
5848,pure
5849,broken
5853,discolored
5867,pure
5869,discolored
5870,pure
5874,silkcut
5886,broken
5891,broken
5895,pure
5902,broken
5905,broken
5913,broken
5929,broken
5930,pure
5946,pure
5956,broken
5964,pure
5965,broken
5966,broken
5967,silkcut
5970,discolored
5975,pure
5976,pure
5985,pure
5986,broken
5988,discolored
5990,pure
6004,pure
6007,pure
6008,pure
6009,broken
6012,broken
6017,broken
6019,pure
6020,discolored
6021,pure
6022,silkcut
6025,silkcut
6027,pure
6028,broken
6029,broken
6032,broken
6035,broken
6044,silkcut
6050,pure
6052,pure
6059,pure
6060,broken
6067,discolored
6068,pure
6069,silkcut
6070,discolored
6085,broken
6087,pure
6100,broken
6107,pure
6112,silkcut
6119,broken
6121,pure
6126,broken
6134,pure
6138,pure
6145,discolored
6146,broken
6149,pure
6162,pure
6163,pure
6164,broken
6172,pure
6176,discolored
6180,broken
6183,pure
6188,discolored
6196,pure
6197,discolored
6199,pure
6212,pure
6216,pure
6224,silkcut
6229,pure
6234,broken
6237,discolored
6239,broken
6258,discolored
6259,broken
6278,broken
6292,discolored
6297,pure
6299,pure
6302,broken
6310,silkcut
6312,pure
6337,discolored
6338,discolored
6342,broken
6344,pure
6358,broken
6359,pure
6360,pure
6374,pure
6376,pure
6381,silkcut
6388,silkcut
6391,pure
6397,broken
6401,silkcut
6404,pure
6414,pure
6416,broken
6419,silkcut
6427,pure
6437,discolored
6442,pure
6443,discolored
6448,pure
6457,pure
6458,broken
6459,pure
6460,broken
6461,pure
6468,broken
6474,pure
6476,discolored
6481,pure
6483,pure
6487,pure
6494,pure
6510,pure
6511,broken
6527,pure
6532,discolored
6549,broken
6551,pure
6552,pure
6559,broken
6562,discolored
6563,pure
6567,pure
6569,discolored
6579,broken
6600,broken
6607,pure
6615,pure
6629,broken
6634,pure
6640,discolored
6650,discolored
6653,broken
6658,pure
6662,broken
6665,broken
6676,silkcut
6680,pure
6684,silkcut
6686,silkcut
6688,broken
6692,broken
6696,silkcut
6699,pure
6701,pure
6705,pure
6707,pure
6709,broken
6713,broken
6715,pure
6716,pure
6728,pure
6729,pure
6730,discolored
6733,broken
6740,discolored
6744,pure
6752,silkcut
6763,broken
6765,silkcut
6768,broken
6770,discolored
6772,broken
6773,broken
6775,pure
6776,pure
6785,pure
6789,broken
6790,silkcut
6793,pure
6794,silkcut
6798,discolored
6799,broken
6800,broken
6805,pure
6806,pure
6819,silkcut
6820,pure
6829,broken
6835,pure
6837,broken
6844,broken
6848,broken
6901,pure
6902,broken
6907,pure
6909,pure
6911,discolored
6915,pure
6919,broken
6925,broken
6932,pure
6936,pure
6938,broken
6940,broken
6944,pure
6953,pure
6956,pure
6957,pure
6961,pure
6973,pure
6976,broken
6979,silkcut
6984,pure
6987,pure
6988,broken
6999,silkcut
7004,broken
7007,discolored
7012,broken
7019,discolored
7021,pure
7030,broken
7041,pure
7046,discolored
7053,broken
7057,broken
7091,broken
7094,pure
7098,broken
7099,pure
7107,pure
7111,silkcut
7122,discolored
7130,pure
7138,pure
7143,broken
7146,broken
7148,discolored
7152,broken
7156,pure
7157,pure
7165,pure
7173,silkcut
7177,discolored
7185,pure
7187,pure
7188,silkcut
7189,broken
7190,pure
7194,pure
7196,pure
7199,discolored
7204,broken
7208,pure
7209,pure
7215,pure
7219,silkcut
7220,broken
7231,broken
7237,pure
7239,silkcut
7245,pure
7247,pure
7257,broken
7258,pure
7264,broken
7268,silkcut
7274,pure
7275,pure
7276,broken
7278,pure
7279,broken
7281,pure
7287,pure
7297,pure
7300,broken
7304,silkcut
7307,broken
7308,broken
7313,pure
7325,pure
7327,pure
7330,broken
7338,pure
7342,broken
7344,broken
7350,pure
7351,pure
7359,discolored
7366,silkcut
7370,pure
7374,pure
7375,broken
7377,discolored
7379,silkcut
7390,pure
7391,broken
7393,pure
7402,broken
7405,broken
7411,pure
7418,discolored
7424,silkcut
7428,broken
7442,pure
7446,pure
7451,pure
7454,pure
7464,broken
7465,discolored
7477,pure
7504,pure
7514,broken
7515,pure
7526,broken
7531,broken
7540,broken
7542,pure
7543,discolored
7550,discolored
7553,pure
7555,broken
7565,pure
7576,discolored
7577,silkcut
7581,pure
7584,broken
7593,pure
7594,silkcut
7599,broken
7602,discolored
7615,discolored
7616,pure
7620,pure
7622,broken
7631,pure
7637,discolored
7642,pure
7659,pure
7661,broken
7664,pure
7666,silkcut
7670,pure
7672,silkcut
7684,pure
7685,pure
7690,broken
7692,pure
7703,pure
7707,broken
7715,pure
7720,pure
7724,pure
7727,pure
7728,broken
7738,pure
7739,pure
7740,pure
7742,pure
7748,silkcut
7751,pure
7753,broken
7754,pure
7758,silkcut
7763,silkcut
7771,silkcut
7774,pure
7806,discolored
7809,broken
7811,broken
7814,pure
7820,discolored
7823,discolored
7830,broken
7838,broken
7846,discolored
7848,pure
7849,pure
7856,broken
7861,pure
7869,pure
7872,pure
7883,broken
7888,silkcut
7893,broken
7898,pure
7899,pure
7904,broken
7905,discolored
7908,pure
7911,discolored
7913,broken
7925,pure
7927,pure
7933,pure
7947,pure
7949,discolored
7951,broken
7954,discolored
7957,broken
7960,pure
7967,broken
7968,discolored
7971,pure
7978,broken
7981,pure
7982,discolored
7985,discolored
7987,pure
8001,pure
8003,broken
8006,broken
8007,broken
8014,discolored
8019,pure
8020,pure
8024,broken
8031,broken
8032,pure
8033,pure
8034,discolored
8036,broken
8052,pure
8060,pure
8068,pure
8070,broken
8080,silkcut
8081,broken
8082,pure
8089,pure
8090,pure
8091,broken
8103,pure
8110,broken
8118,pure
8119,discolored
8124,discolored
8130,pure
8133,pure
8135,silkcut
8142,silkcut
8151,pure
8152,pure
8156,broken
8160,pure
8166,broken
8172,broken
8174,pure
8175,broken
8185,discolored
8193,pure
8202,pure
8205,pure
8206,pure
8213,broken
8214,silkcut
8215,broken
8219,broken
8228,broken
8229,silkcut
8231,pure
8236,broken
8259,pure
8264,discolored
8284,pure
8288,pure
8308,discolored
8310,silkcut
8313,pure
8315,broken
8322,pure
8326,broken
8335,pure
8340,silkcut
8342,pure
8355,broken
8361,discolored
8366,discolored
8394,broken
8396,silkcut
8399,broken
8402,pure
8408,broken
8412,broken
8413,broken
8419,broken
8429,broken
8430,discolored
8436,silkcut
8440,pure
8455,pure
8459,broken
8460,pure
8461,pure
8462,broken
8480,broken
8481,pure
8485,pure
8487,pure
8493,broken
8499,discolored
8503,broken
8504,discolored
8505,broken
8532,pure
8536,pure
8539,pure
8545,pure
8553,pure
8554,discolored
8561,broken
8562,pure
8569,pure
8570,silkcut
8571,discolored
8572,pure
8586,discolored
8592,pure
8596,pure
8605,broken
8607,discolored
8614,pure
8615,silkcut
8632,broken
8634,broken
8643,silkcut
8645,pure
8654,discolored
8656,pure
8663,broken
8665,broken
8669,pure
8670,discolored
8685,pure
8689,pure
8698,silkcut
8702,broken
8707,pure
8709,discolored
8712,broken
8714,pure
8715,pure
8716,pure
8718,pure
8719,pure
8723,pure
8724,broken
8727,pure
8732,pure
8733,pure
8743,silkcut
8746,pure
8751,broken
8752,discolored
8754,pure
8762,silkcut
8763,broken
8766,silkcut
8769,silkcut
8776,pure
8785,discolored
8789,pure
8791,discolored
8799,pure
8804,discolored
8808,discolored
8822,pure
8836,broken
8838,pure
8841,discolored
8849,pure
8850,pure
8857,pure
8863,broken
8867,pure
8870,pure
8878,pure
8879,discolored
8881,broken
8885,pure
8888,broken
8902,discolored
8925,pure
8927,broken
8947,pure
8950,silkcut
8952,broken
8953,pure
8959,pure
8961,broken
8962,pure
8964,broken
8968,broken
8970,discolored
8978,pure
8980,discolored
8993,pure
8995,broken
9001,pure
9002,broken
9014,pure
9019,broken
9032,pure
9036,broken
9037,pure
9039,pure
9052,broken
9054,pure
9058,broken
9059,broken
9070,pure
9075,pure
9084,broken
9091,broken
9095,silkcut
9100,discolored
9102,discolored
9103,pure
9115,pure
9119,pure
9124,pure
9130,pure
9138,broken
9139,broken
9140,broken
9151,pure
9152,broken
9155,broken
9156,pure
9165,broken
9166,broken
9167,pure
9171,broken
9175,broken
9180,discolored
9188,pure
9194,pure
9199,broken
9215,pure
9228,silkcut
9229,discolored
9237,broken
9253,pure
9272,broken
9280,pure
9281,discolored
9284,broken
9286,pure
9289,silkcut
9294,silkcut
9299,discolored
9303,discolored
9305,broken
9315,broken
9333,broken
9334,discolored
9340,discolored
9349,pure
9353,pure
9359,pure
9364,broken
9372,discolored
9378,broken
9380,discolored
9383,broken
9386,pure
9388,broken
9401,silkcut
9403,pure
9404,pure
9409,broken
9415,discolored
9421,pure
9422,broken
9440,broken
9443,pure
9454,pure
9455,pure
9462,silkcut
9468,pure
9470,pure
9477,broken
9479,broken
9484,pure
9489,pure
9490,discolored
9492,discolored
9497,silkcut
9499,pure
9504,broken
9506,broken
9508,pure
9510,pure
9511,pure
9512,broken
9514,pure
9520,discolored
9521,discolored
9524,pure
9551,discolored
9560,pure
9563,broken
9571,broken
9576,broken
9579,discolored
9584,silkcut
9588,pure
9592,discolored
9603,broken
9605,broken
9607,pure
9617,pure
9630,discolored
9632,pure
9635,pure
9639,pure
9646,broken
9649,broken
9653,broken
9660,pure
9665,silkcut
9678,silkcut
9679,silkcut
9685,pure
9690,pure
9692,pure
9695,pure
9697,broken
9703,pure
9706,broken
9710,pure
9711,pure
9718,pure
9740,broken
9743,discolored
9748,pure
9750,pure
9753,broken
9757,pure
9758,broken
9761,pure
9771,silkcut
9773,broken
9782,broken
9783,silkcut
9786,broken
9791,broken
9797,pure
9801,pure
9802,pure
9803,pure
9805,broken
9812,discolored
9829,broken
9834,pure
9848,broken
9852,broken
9854,silkcut
9868,pure
9871,silkcut
9877,pure
9882,discolored
9883,pure
9884,discolored
9889,pure
9890,pure
9893,discolored
9894,pure
9899,discolored
9904,pure
9909,discolored
9911,pure
9916,pure
9918,broken
9920,discolored
9921,broken
9925,broken
9928,pure
9929,pure
9932,broken
9948,broken
9958,pure
9961,broken
9967,broken
9969,pure
9976,pure
9978,pure
9982,pure
9986,pure
9987,broken
9991,broken
9999,pure
10004,pure
10009,pure
10011,pure
10015,silkcut
10016,pure
10028,pure
10029,discolored
10034,silkcut
10035,broken
10039,pure
10048,broken
10050,broken
10060,broken
10061,discolored
10065,discolored
10068,broken
10072,silkcut
10073,pure
10077,pure
10091,broken
10093,broken
10112,silkcut
10113,pure
10115,broken
10120,pure
10124,silkcut
10135,broken
10141,discolored
10142,silkcut
10152,pure
10153,pure
10157,pure
10158,broken
10159,broken
10165,discolored
10169,pure
10174,pure
10183,broken
10187,broken
10189,broken
10191,pure
10193,discolored
10197,pure
10209,pure
10212,silkcut
10214,broken
10216,pure
10217,silkcut
10227,pure
10230,pure
10235,broken
10237,pure
10249,pure
10253,silkcut
10254,broken
10258,discolored
10262,discolored
10264,pure
10272,pure
10273,broken
10274,pure
10276,pure
10283,pure
10294,silkcut
10296,pure
10300,broken
10303,pure
10307,broken
10308,pure
10314,pure
10321,pure
10324,pure
10327,discolored
10328,broken
10331,broken
10340,silkcut
10345,broken
10346,broken
10350,silkcut
10355,broken
10360,pure
10372,broken
10373,silkcut
10377,pure
10378,pure
10380,discolored
10387,pure
10391,pure
10400,broken
10403,broken
10404,broken
10407,discolored
10408,broken
10410,discolored
10412,pure
10413,broken
10432,pure
10435,pure
10441,pure
10443,pure
10447,broken
10449,broken
10450,pure
10462,pure
10465,discolored
10474,pure
10477,broken
10479,pure
10487,pure
10488,broken
10489,discolored
10499,pure
10500,pure
10506,broken
10516,broken
10524,broken
10529,pure
10535,broken
10538,silkcut
10539,broken
10540,pure
10543,pure
10550,pure
10551,pure
10552,broken
10556,broken
10563,broken
10565,broken
10566,pure
10568,pure
10573,pure
10580,pure
10583,pure
10585,pure
10599,pure
10608,discolored
10610,broken
10624,silkcut
10632,discolored
10652,pure
10659,discolored
10660,discolored
10662,pure
10664,pure
10666,broken
10678,pure
10687,discolored
10690,pure
10693,pure
10702,pure
10711,broken
10716,discolored
10719,broken
10721,broken
10722,discolored
10725,pure
10730,broken
10748,pure
10751,discolored
10755,pure
10763,silkcut
10767,pure
10768,discolored
10770,pure
10772,broken
10776,silkcut
10781,silkcut
10792,pure
10803,discolored
10809,pure
10811,pure
10817,pure
10818,pure
10823,broken
10827,silkcut
10829,pure
10831,pure
10832,pure
10834,broken
10842,pure
10853,pure
10867,broken
10870,broken
10880,pure
10893,silkcut
10896,pure
10897,discolored
10902,pure
10905,pure
10910,pure
10911,broken
10915,broken
10916,pure
10921,pure
10923,pure
10928,broken
10932,pure
10933,silkcut
10936,pure
10955,pure
10957,broken
10960,pure
10961,silkcut
10962,pure
10977,pure
10980,broken
10981,silkcut
10984,broken
10985,pure
10986,discolored
10989,pure
10990,discolored
11017,silkcut
11026,pure
11027,pure
11029,silkcut
11036,broken
11041,pure
11042,pure
11052,broken
11071,pure
11080,discolored
11090,broken
11098,pure
11101,pure
11102,broken
11103,pure
11108,silkcut
11112,pure
11131,discolored
11140,broken
11141,broken
11152,pure
11153,silkcut
11157,pure
11161,discolored
11172,broken
11177,pure
11180,silkcut
11182,silkcut
11183,pure
11188,pure
11191,discolored
11192,pure
11193,discolored
11195,broken
11212,broken
11215,broken
11216,pure
11218,broken
11219,pure
11220,silkcut
11221,pure
11230,pure
11233,silkcut
11241,broken
11249,pure
11256,broken
11260,broken
11263,broken
11265,pure
11268,pure
11272,broken
11275,pure
11284,broken
11291,discolored
11296,broken
11302,discolored
11306,pure
11308,discolored
11313,pure
11318,pure
11324,broken
11326,pure
11329,discolored
11335,broken
11338,broken
11340,pure
11342,pure
11349,pure
11352,pure
11355,pure
11356,pure
11363,broken
11366,pure
11372,discolored
11377,pure
11379,pure
11380,discolored
11393,pure
11394,broken
11395,discolored
11403,broken
11404,pure
11405,broken
11407,broken
11408,broken
11409,pure
11410,discolored
11417,broken
11418,pure
11446,broken
11449,broken
11450,pure
11457,broken
11459,pure
11460,pure
11463,pure
11468,discolored
11469,pure
11481,silkcut
11483,pure
11484,broken
11500,pure
11504,silkcut
11512,pure
11520,broken
11521,pure
11527,broken
11536,silkcut
11538,pure
11540,broken
11567,broken
11570,broken
11577,silkcut
11581,broken
11607,discolored
11610,broken
11613,broken
11614,pure
11621,pure
11622,pure
11635,broken
11654,silkcut
11662,pure
11666,pure
11667,pure
11669,pure
11677,silkcut
11688,silkcut
11689,broken
11692,pure
11693,pure
11697,broken
11698,discolored
11704,pure
11710,pure
11716,broken
11721,pure
11722,pure
11727,pure
11728,discolored
11737,pure
11743,pure
11747,discolored
11749,pure
11751,pure
11753,pure
11764,broken
11768,pure
11769,broken
11770,broken
11776,discolored
11778,discolored
11779,pure
11782,pure
11784,pure
11787,pure
11800,pure
11801,discolored
11812,broken
11814,discolored
11820,broken
11824,discolored
11828,broken
11845,broken
11846,pure
11861,broken
11868,broken
11869,pure
11875,discolored
11880,discolored
11881,pure
11882,broken
11884,broken
11888,broken
11889,pure
11890,pure
11891,discolored
11904,pure
11907,broken
11910,pure
11913,silkcut
11923,broken
11929,pure
11935,pure
11937,pure
11951,discolored
11955,discolored
11959,pure
11961,pure
11962,silkcut
11963,pure
11969,broken
11973,broken
11974,broken
11976,broken
11990,pure
11998,pure
12002,pure
12012,silkcut
12015,pure
12017,pure
12020,pure
12021,pure
12043,pure
12046,broken
12048,discolored
12049,silkcut
12062,discolored
12082,pure
12086,pure
12089,discolored
12091,broken
12094,pure
12098,pure
12102,pure
12113,discolored
12136,silkcut
12145,pure
12146,silkcut
12150,pure
12153,pure
12157,pure
12161,pure
12164,broken
12166,broken
12175,pure
12186,broken
12191,broken
12193,broken
12199,broken
12206,broken
12208,broken
12216,broken
12219,broken
12220,broken
12224,pure
12226,pure
12235,broken
12245,discolored
12259,pure
12273,pure
12274,pure
12283,broken
12289,discolored
12298,broken
12299,silkcut
12302,broken
12312,broken
12316,silkcut
12324,discolored
12328,pure
12333,discolored
12349,pure
12353,broken
12354,pure
12355,broken
12358,pure
12369,broken
12372,discolored
12375,broken
12385,pure
12388,pure
12392,pure
12399,silkcut
12402,broken
12404,discolored
12405,silkcut
12418,pure
12424,discolored
12437,pure
12440,pure
12441,broken
12468,broken
12471,broken
12474,pure
12476,pure
12478,silkcut
12479,pure
12484,broken
12492,broken
12494,pure
12496,broken
12502,pure
12505,broken
12506,discolored
12511,pure
12512,discolored
12513,discolored
12517,pure
12523,pure
12529,pure
12533,broken
12534,pure
12536,silkcut
12537,broken
12541,pure
12544,broken
12549,broken
12553,discolored
12554,broken
12555,broken
12559,pure
12560,silkcut
12561,pure
12562,silkcut
12566,pure
12568,pure
12569,pure
12581,silkcut
12582,pure
12583,pure
12591,silkcut
12597,pure
12599,broken
12600,silkcut
12605,broken
12610,broken
12616,pure
12620,pure
12621,broken
12626,pure
12629,pure
12630,broken
12631,discolored
12633,pure
12636,pure
12639,pure
12640,broken
12651,pure
12655,broken
12658,broken
12660,pure
12663,pure
12669,discolored
12673,broken
12675,discolored
12679,discolored
12680,broken
12681,silkcut
12685,discolored
12694,discolored
12695,broken
12703,discolored
12705,broken
12707,broken
12708,pure
12720,pure
12722,broken
12729,broken
12748,pure
12757,pure
12759,broken
12760,broken
12763,broken
12765,pure
12770,broken
12779,pure
12780,pure
12781,broken
12790,broken
12792,broken
12794,pure
12795,silkcut
12806,broken
12809,pure
12814,pure
12818,broken
12820,pure
12824,pure
12826,pure
12830,broken
12843,silkcut
12845,pure
12846,broken
12849,silkcut
12863,pure
12872,pure
12874,pure
12875,pure
12878,pure
12879,discolored
12890,pure
12895,pure
12907,pure
12917,broken
12931,silkcut
12934,pure
12938,pure
12939,discolored
12940,broken
12943,broken
12946,pure
12948,broken
12954,broken
12959,pure
12960,pure
12966,silkcut
12974,pure
12979,pure
12983,pure
12994,silkcut
13005,broken
13011,broken
13012,pure
13013,pure
13017,broken
13018,discolored
13023,pure
13035,silkcut
13036,pure
13038,broken
13041,pure
13045,discolored
13048,pure
13050,broken
13051,pure
13056,pure
13059,silkcut
13067,broken
13070,pure
13074,pure
13087,discolored
13088,silkcut
13097,pure
13106,pure
13110,broken
13118,broken
13126,pure
13128,broken
13129,pure
13131,broken
13136,broken
13150,silkcut
13152,broken
13156,broken
13162,pure
13166,broken
13172,pure
13174,pure
13182,discolored
13184,silkcut
13188,broken
13190,discolored
13191,pure
13194,pure
13196,broken
13198,broken
13199,discolored
13206,broken
13212,silkcut
13221,broken
13222,pure
13223,broken
13224,pure
13225,pure
13227,pure
13234,discolored
13236,broken
13238,pure
13242,pure
13256,discolored
13259,pure
13266,pure
13271,silkcut
13272,silkcut
13275,silkcut
13278,broken
13283,pure
13287,pure
13293,pure
13296,discolored
13301,broken
13313,pure
13316,pure
13318,discolored
13324,broken
13329,pure
13332,broken
13334,broken
13337,broken
13339,pure
13346,broken
13349,silkcut
13354,broken
13358,broken
13362,pure
13368,broken
13374,pure
13381,broken
13384,pure
13386,pure
13388,broken
13394,broken
13397,broken
13407,broken
13409,pure
13412,pure
13417,pure
13420,discolored
13423,pure
13425,pure
13432,pure
13433,pure
13440,silkcut
13441,broken
13455,pure
13456,pure
13457,discolored
13460,pure
13468,broken
13481,broken
13490,pure
13501,discolored
13503,broken
13511,broken
13515,broken
13518,pure
13522,pure
13524,broken
13534,pure
13535,broken
13539,broken
13543,broken
13544,pure
13548,broken
13551,pure
13557,discolored
13558,discolored
13567,broken
13573,broken
13574,silkcut
13579,broken
13587,discolored
13588,discolored
13592,broken
13593,broken
13594,pure
13597,pure
13600,broken
13602,pure
13611,broken
13617,broken
13620,pure
13621,broken
13624,pure
13631,silkcut
13635,pure
13639,broken
13643,pure
13645,pure
13648,silkcut
13650,pure
13652,pure
13655,silkcut
13656,pure
13658,discolored
13692,broken
13709,pure
13712,pure
13716,pure
13717,silkcut
13720,pure
13733,discolored
13734,broken
13735,pure
13740,silkcut
13746,pure
13760,pure
13761,broken
13763,pure
13774,silkcut
13780,broken
13781,pure
13784,discolored
13787,pure
13792,broken
13807,broken
13819,broken
13823,broken
13826,pure
13829,broken
13832,pure
13837,discolored
13842,broken
13844,silkcut
13846,discolored
13849,broken
13855,pure
13857,broken
13861,broken
13873,silkcut
13874,pure
13875,discolored
13884,pure
13903,broken
13904,pure
13905,broken
13906,pure
13908,pure
13910,broken
13915,discolored
13922,pure
13923,broken
13929,silkcut
13930,pure
13937,broken
13938,pure
13942,pure
13950,broken
13957,silkcut
13958,pure
13980,silkcut
13986,pure
13990,pure
13998,pure
14014,broken
14023,pure
14027,discolored
14030,pure
14035,discolored
14036,pure
14039,pure
14047,pure
14055,broken
14062,pure
14064,broken
14071,discolored
14072,pure
14073,discolored
14083,broken
14091,broken
14095,pure
14101,broken
14102,discolored
14103,pure
14110,pure
14112,broken
14117,discolored
14128,broken
14129,discolored
14132,broken
14137,pure
14145,broken
14172,pure
14176,silkcut
14179,silkcut
14186,pure
14188,pure
14194,pure
14215,pure
14221,discolored
14229,discolored
14238,broken
14256,broken
14259,pure
14262,pure
14264,pure
14266,pure
14267,pure
14273,broken
14277,pure
14278,discolored
14285,broken
14302,pure
14308,broken
14309,broken
14314,broken
14315,broken
14316,pure
14318,pure
14337,broken
14338,pure
14340,pure
14344,silkcut
14350,broken
14351,pure
14355,pure
14361,broken
14367,broken
14384,pure
14393,broken
14396,pure
14401,discolored
14402,broken
14409,discolored
14422,pure
14426,silkcut
14430,pure
14437,pure
14441,broken
14446,pure
14448,pure
14449,broken
14456,discolored
14457,silkcut
14460,broken
14472,pure
14473,pure
14474,silkcut
14479,pure
14485,pure
14496,broken
14500,pure
14503,broken
14505,broken
14519,broken
14531,pure
14532,broken
14544,pure
14548,pure
14555,broken
14558,broken
14572,pure
14576,pure
14587,discolored
14599,discolored
14605,broken
14608,pure
14611,pure
14613,broken
14614,pure
14617,silkcut
14618,pure
14622,broken
14623,pure
14624,broken
14626,pure
14628,pure
14634,broken
14639,broken
14641,silkcut
14642,discolored
14644,discolored
14649,pure
14656,pure
14657,pure
14663,pure
14664,broken
14667,pure
14668,discolored
14671,pure
14673,pure
14677,broken
14678,discolored
14679,broken
14684,silkcut
14688,broken
14689,pure
14690,discolored
14698,discolored
14708,broken
14712,discolored
14717,pure
14726,broken
14728,broken
14731,broken
14732,silkcut
14735,pure
14737,discolored
14738,broken
14743,broken
14748,pure
14755,broken
14767,broken
14770,pure
14771,pure
14778,pure
14794,broken
14811,discolored
14815,broken
14819,pure
14820,broken
14822,broken
14823,broken
14826,broken
14830,broken
14834,broken
14837,pure
14842,pure
14843,silkcut
14848,pure
14850,discolored
14859,pure
14861,pure
14867,pure
14872,pure
14876,broken
14877,pure
14886,pure
14902,pure
14905,pure
14907,discolored
14939,broken
14948,broken
14958,pure
14971,discolored
14974,pure
14987,pure
14989,broken
14993,broken
15010,silkcut
15012,pure
15016,pure
15020,broken
15022,pure
15024,pure
15031,pure
15032,broken
15034,silkcut
15039,silkcut
15046,pure
15050,silkcut
15051,pure
15054,pure
15056,broken
15070,broken
15072,pure
15075,discolored
15077,pure
15087,broken
15090,pure
15094,broken
15099,discolored
15105,discolored
15106,pure
15110,broken
15118,silkcut
15125,pure
15136,discolored
15138,broken
15142,broken
15147,pure
15155,pure
15156,broken
15157,pure
15170,broken
15172,pure
15175,pure
15177,silkcut
15184,pure
15189,pure
15204,broken
15210,pure
15215,pure
15216,broken
15220,broken
15232,pure
15234,silkcut
15235,pure
15241,pure
15257,broken
15261,broken
15271,broken
15280,discolored
15282,pure
15284,discolored
15287,pure
15290,broken
15291,silkcut
15292,broken
15311,silkcut
15316,pure
15327,broken
15331,pure
15333,broken
15344,pure
15347,broken
15349,silkcut
15357,pure
15365,pure
15366,discolored
15368,pure
15378,broken
15387,pure
15397,pure
15405,pure
15411,broken
15416,pure
15423,broken
15425,pure
15428,discolored
15439,pure
15440,pure
15447,broken
15448,pure
15452,broken
15456,silkcut
15461,pure
15464,silkcut
15474,pure
15475,broken
15483,pure
15485,pure
15491,discolored
15493,discolored
15502,broken
15503,pure
15507,broken
15514,pure
15530,silkcut
15532,discolored
15533,broken
15536,discolored
15539,silkcut
15547,pure
15551,silkcut
15552,pure
15566,broken
15571,pure
15577,pure
15585,discolored
15591,pure
15594,pure
15600,pure
15602,broken
15606,broken
15608,silkcut
15611,pure
15613,pure
15618,silkcut
15619,pure
15624,broken
15626,broken
15627,pure
15631,broken
15637,pure
15639,pure
15641,pure
15648,discolored
15653,pure
15664,pure
15673,pure
15678,pure
15686,pure
15687,discolored
15694,broken
15701,pure
15702,pure
15704,pure
15706,discolored
15707,broken
15711,broken
15712,silkcut
15718,pure
15721,silkcut
15722,pure
15728,broken
15741,pure
15747,pure
15756,pure
15757,discolored
15758,broken
15760,broken
15769,pure
15780,pure
15786,discolored
15787,broken
15798,pure
15800,silkcut
15803,silkcut
15810,pure
15811,discolored
15820,silkcut
15834,broken
15843,pure
15844,discolored
15845,pure
15846,broken
15847,broken
15856,broken
15858,pure
15872,broken
15876,discolored
15877,silkcut
15880,pure
15881,pure
15882,pure
15884,pure
15885,silkcut
15890,pure
15893,pure
15900,broken
15911,broken
15922,discolored
15925,broken
15943,pure
15947,broken
15949,discolored
15952,broken
15958,discolored
15961,pure
15962,pure
15976,silkcut
15989,pure
15993,broken
15995,broken
16003,discolored
16005,pure
16007,discolored
16008,broken
16013,pure
16017,broken
16027,pure
16028,pure
16032,broken
16034,silkcut
16049,silkcut
16051,broken
16052,pure
16054,silkcut
16056,discolored
16057,broken
16060,broken
16076,pure
16080,pure
16087,discolored
16092,pure
16094,pure
16095,broken
16104,pure
16109,discolored
16110,silkcut
16115,pure
16118,broken
16137,pure
16138,pure
16144,silkcut
16152,pure
16159,pure
16163,silkcut
16172,broken
16178,broken
16190,silkcut
16191,pure
16200,pure
16207,pure
16215,pure
16224,pure
16226,pure
16228,broken
16229,silkcut
16230,discolored
16234,pure
16236,broken
16246,silkcut
16247,silkcut
16260,broken
16263,discolored
16264,pure
16268,broken
16281,pure
16282,silkcut
16286,pure
16297,broken
16301,silkcut
16305,pure
16307,broken
16313,pure
16316,broken
16317,discolored
16328,pure
16355,discolored
16356,pure
16357,pure
16358,discolored
16363,pure
16367,broken
16373,broken
16380,broken
16392,broken
16396,silkcut
16399,pure
16403,pure
16408,pure
16416,silkcut
16417,pure
16418,discolored
16420,broken
16424,pure
16426,broken
16428,pure
16430,silkcut
16434,pure
16441,pure
16442,broken
16444,pure
16450,pure
16457,pure
16458,pure
16469,broken
16475,silkcut
16476,pure
16487,pure
16488,broken
16489,silkcut
16491,pure
16494,pure
16502,broken
16506,broken
16522,pure
16524,pure
16530,pure
16541,pure
16543,pure
16544,broken
16546,discolored
16548,silkcut
16551,discolored
16553,pure
16565,pure
16591,pure
16598,broken
16600,pure
16601,discolored
16602,silkcut
16604,broken
16608,pure
16609,discolored
16617,broken
16630,broken
16636,broken
16638,pure
16643,pure
16648,pure
16652,pure
16661,discolored
16669,silkcut
16672,broken
16677,pure
16679,pure
16686,discolored
16695,broken
16696,pure
16701,pure
16710,broken
16712,discolored
16713,broken
16715,discolored
16726,pure
16739,silkcut
16741,pure
16755,pure
16758,pure
16759,pure
16762,silkcut
16766,pure
16774,pure
16780,broken
16782,broken
16789,broken
16798,broken
16806,broken
16812,discolored
16817,broken
16823,broken
16829,discolored
16833,broken
16835,pure
16840,broken
16845,silkcut
16853,pure
16869,pure
16870,broken
16872,pure
16873,silkcut
16875,silkcut
16880,discolored
16896,silkcut
16903,broken
16911,broken
16920,pure
16923,pure
16927,pure
16928,broken
16944,discolored
16948,discolored
16950,pure
16952,pure
16958,broken
16968,discolored
16970,pure
16977,pure
16981,pure
16984,discolored
16985,pure
16986,discolored
16991,broken
17003,broken
17006,pure
17010,pure
17011,broken
17015,silkcut
17021,pure
17024,broken
17030,pure
17035,pure
17039,pure
17041,broken
17042,pure
17062,pure
17064,pure
17066,broken
17067,discolored
17072,pure
17074,pure
17077,pure
17081,broken
17088,pure
17091,pure
17095,pure
17100,pure
17115,pure
17116,pure
17118,pure
17119,silkcut
17120,discolored
17125,discolored
17126,discolored
17129,broken
17132,broken
17134,broken
17140,pure
17143,silkcut
17146,pure
17158,broken
17166,broken
17167,pure
17172,pure
17176,broken
17179,pure
17184,discolored
17189,broken
17194,broken
17218,silkcut
17220,silkcut
17226,pure
17232,pure
17235,silkcut
17238,pure
17243,silkcut
17245,pure
17247,pure
17262,broken
17264,discolored
17287,pure
17293,silkcut
17313,pure
17319,broken
17331,broken
17341,broken
17344,discolored
17350,pure
17354,broken
17359,pure
17362,broken
17365,broken
17366,pure
17369,discolored
17372,broken
17376,pure
17385,pure
17386,pure
17397,broken
17400,broken
17408,broken
17413,pure
17415,discolored
17419,broken
17420,pure
17425,pure
17428,pure
17433,broken
17435,broken
17437,pure
17439,pure
17442,pure
17448,silkcut
17450,pure
17455,silkcut
17456,broken
17457,pure
17458,broken
17464,pure
17470,pure
17478,silkcut
17499,broken
17501,pure
17509,broken
17512,pure
17517,silkcut
17523,discolored
17528,pure
17534,pure
17535,broken
17538,pure
17544,pure
17548,pure
17550,discolored
17553,discolored
17559,discolored
17561,pure
17562,pure
17570,broken
17571,pure
17572,discolored
17575,broken
17587,pure
17590,discolored
17591,pure
17599,pure
17604,pure
17608,broken
17613,pure
17614,broken
17619,broken
17620,pure
17622,pure
17623,pure
17626,silkcut
17631,broken
17632,pure
17642,pure
17644,pure
17647,pure
17653,broken
17658,discolored
17660,discolored
17661,pure
17662,pure
17664,broken
17678,broken
17681,silkcut
17682,discolored
17684,pure
17689,broken
17690,pure
17697,silkcut
17710,broken
17717,pure
17729,pure
17731,broken
17732,broken
17734,discolored
17735,discolored
17738,broken
17739,pure
17768,broken
17770,pure
17771,pure
17775,discolored
17781,broken
17790,pure
17794,pure
17798,pure
